Accession	Organism_Name	Species	Genotype	Isolate	Length	Nuc_Completeness	Geo_Location	Country	Host	Tissue_Specimen_Source	Submitters	Collection_Date	Release_Date	Molecule_type
PV640869	Henipavirus nipahense	Henipavirus nipahense		MCL-25-H-2892	18168	complete	India: Kerala State	India	Homo sapiens		Yadav,P.D.	2025-05	2025-11-30	ssRNA(-)
PX130164	Henipavirus nipahense	Henipavirus nipahense		NiV/human/BGD/RS0825725/2025	18126	complete	Bangladesh: Pabna	Bangladesh	Homo sapiens	blood	Rahman,M.M., Rahim,S., Rahman,S., Hossain,M.E., Rahman,D.I., Rahman,M.W., Satter,S.M., Klena,J.D., Shirin,T., Montgomery,J.M., Rahman,M.Z.	2025-01-28	2025-08-24	ssRNA(-)
PX130165	Henipavirus nipahense	Henipavirus nipahense		NiV/human/BGD/SB0200425/2025	18128	complete	Bangladesh: Bhola	Bangladesh	Homo sapiens	oronasopharynx	Rahman,M.M., Rahim,S., Rahman,S., Hossain,M.E., Rahman,D.I., Rahman,M.W., Satter,S.M., Klena,J.D., Shirin,T., Montgomery,J.M., Rahman,M.Z.	2025-02-20	2025-08-24	ssRNA(-)
PX130166	Henipavirus nipahense	Henipavirus nipahense		NiV/human/BGD/FP0372425/2025	18124	complete	Bangladesh: Chuadanga	Bangladesh	Homo sapiens	oronasopharynx	Rahman,M.M., Rahim,S., Rahman,S., Hossain,M.E., Rahman,D.I., Rahman,M.W., Satter,S.M., Klena,J.D., Shirin,T., Montgomery,J.M., Rahman,M.Z.	2025-02-25	2025-08-24	ssRNA(-)
PV132706	Henipavirus nipahense	Henipavirus nipahense		NiV/human/BGD/DMCH00124/2024	18133	complete	Bangladesh: Shariatpur	Bangladesh	Homo sapiens	oronasopharynx	Rahman,M.M., Rahim,S., Rahman,S., Hossain,M.E., Rahman,D.I., Rahman,M.W., Satter,S.M., Klena,J.D., Shirin,T., Montgomery,J.M., Rahman,M.Z.	2024-01-30	2025-03-12	ssRNA(-)
PV132707	Henipavirus nipahense	Henipavirus nipahense		NiV/human/BGD/PMSKH0000424/2024	18128	complete	Bangladesh: Khulna	Bangladesh	Homo sapiens	oronasopharynx	Rahman,M.M., Rahim,S., Rahman,S., Hossain,M.E., Rahman,D.I., Rahman,M.W., Satter,S.M., Klena,J.D., Shirin,T., Montgomery,J.M., Rahman,M.Z.	2024-03-17	2025-03-12	ssRNA(-)
PQ368168	Henipavirus nipahense	Henipavirus nipahense		NiV/human/BGD/NINS00123U/2023	18090	complete	Bangladesh: Naogaon	Bangladesh	Homo sapiens	urine	Rahman,M.M., Miah,M., Hossain,M.E., Satter,S.M., Klena,J.D., Shirin,T., Montgomery,J.M., Rahman,D.I., Rahman,S., Rahman,M.W., Rahman,M.Z.	2023-01-22	2024-11-09	ssRNA(-)
PQ368169	Henipavirus nipahense	Henipavirus nipahense		NiV/human/BGD/FP0300923BM/2023	18107	complete	Bangladesh: Rajbari	Bangladesh	Homo sapiens	mammalian milk	Rahman,M.M., Miah,M., Hossain,M.E., Satter,S.M., Klena,J.D., Shirin,T., Montgomery,J.M., Rahman,D.I., Rahman,S., Rahman,M.W., Rahman,M.Z.	2023-02-01	2024-11-09	ssRNA(-)
PQ463988	Henipavirus nipahense	Henipavirus nipahense		NiV_M_IRF523	18131	complete	Malaysia	Malaysia	Homo sapiens		Peng,L., Hirsch,S., Kocher,G., Mehta,M., Holbrook,M.	1998	2024-11-09	ssRNA(-)
PP981664	Henipavirus nipahense	Henipavirus nipahense		NiV/human/BGD/RS0276817/2017	18077	complete	Bangladesh: Pabna	Bangladesh	Homo sapiens	oronasopharynx	Rahman,M.M., Miah,M., Rahman,S., Rahman,D.I., Rahman,M.W., Hossain,M.E., Satter,S.M., Klena,J.D., Shirin,T., Montgomery,J.M., Rahman,M.Z.	2017-02-16	2024-07-12	ssRNA(-)
PP981665	Henipavirus nipahense	Henipavirus nipahense		NiV/human/BGD/FP0136517/2017	18077	complete	Bangladesh: Faridpur	Bangladesh	Homo sapiens	oronasopharynx	Rahman,M.M., Miah,M., Rahman,S., Rahman,D.I., Rahman,M.W., Hossain,M.E., Satter,S.M., Klena,J.D., Shirin,T., Montgomery,J.M., Rahman,M.Z.	2017-02-22	2024-07-12	ssRNA(-)
PP981667	Henipavirus nipahense	Henipavirus nipahense		NiV/human/BGD/RS0384019/2019	18077	complete	Bangladesh: Rajshahi	Bangladesh	Homo sapiens	oronasopharynx	Rahman,M.M., Miah,M., Rahman,S., Rahman,D.I., Rahman,M.W., Hossain,M.E., Satter,S.M., Klena,J.D., Shirin,T., Montgomery,J.M., Rahman,M.Z.	2019-02-20	2024-07-12	ssRNA(-)
PP981668	Henipavirus nipahense	Henipavirus nipahense		NiV/human/BGD/CMH/2020	18077	complete	Bangladesh: Jhalokathi	Bangladesh	Homo sapiens	lung	Rahman,M.M., Miah,M., Rahman,S., Rahman,D.I., Rahman,M.W., Hossain,M.E., Satter,S.M., Klena,J.D., Shirin,T., Montgomery,J.M., Rahman,M.Z.	2020-01-04	2024-07-12	ssRNA(-)
PP981669	Henipavirus nipahense	Henipavirus nipahense		NiV/human/BGD/FP0218120/2020	18077	complete	Bangladesh: Faridpur	Bangladesh	Homo sapiens	oronasopharynx	Rahman,M.M., Miah,M., Rahman,S., Rahman,D.I., Rahman,M.W., Hossain,M.E., Satter,S.M., Klena,J.D., Shirin,T., Montgomery,J.M., Rahman,M.Z.	2020-01-05	2024-07-12	ssRNA(-)
PP981670	Henipavirus nipahense	Henipavirus nipahense		NiV/human/BGD/ID-01/2020	18077	complete	Bangladesh: Faridpur	Bangladesh	Homo sapiens	oronasopharynx	Rahman,M.M., Miah,M., Rahman,S., Rahman,D.I., Rahman,M.W., Hossain,M.E., Satter,S.M., Klena,J.D., Shirin,T., Montgomery,J.M., Rahman,M.Z.	2020-01-20	2024-07-12	ssRNA(-)
PP981671	Henipavirus nipahense	Henipavirus nipahense		NiV/human/BGD/ID-02/2020	18077	complete	Bangladesh: Faridpur	Bangladesh	Homo sapiens	oronasopharynx	Rahman,M.M., Miah,M., Rahman,S., Rahman,D.I., Rahman,M.W., Hossain,M.E., Satter,S.M., Klena,J.D., Shirin,T., Montgomery,J.M., Rahman,M.Z.	2020-01-20	2024-07-12	ssRNA(-)
PP981673	Henipavirus nipahense	Henipavirus nipahense		NiV/human/BGD/RS0559122/2022	18077	complete	Bangladesh: Naogaon	Bangladesh	Homo sapiens	oronasopharynx	Rahman,M.M., Miah,M., Rahman,S., Rahman,D.I., Rahman,M.W., Hossain,M.E., Satter,S.M., Klena,J.D., Shirin,T., Montgomery,J.M., Rahman,M.Z.	2022-03-14	2024-07-12	ssRNA(-)
PP981674	Henipavirus nipahense	Henipavirus nipahense		NiV/human/BGD/FP0260922/2022	18077	complete	Bangladesh: Rajbari	Bangladesh	Homo sapiens	oronasopharynx	Rahman,M.M., Miah,M., Rahman,S., Rahman,D.I., Rahman,M.W., Hossain,M.E., Satter,S.M., Klena,J.D., Shirin,T., Montgomery,J.M., Rahman,M.Z.	2022-03-16	2024-07-12	ssRNA(-)
PP981675	Henipavirus nipahense	Henipavirus nipahense		NiV/human/BGD/RS0560822/2022	18096	complete	Bangladesh: Naogaon	Bangladesh	Homo sapiens	oronasopharynx	Rahman,M.M., Miah,M., Rahman,S., Rahman,D.I., Rahman,M.W., Hossain,M.E., Satter,S.M., Klena,J.D., Shirin,T., Montgomery,J.M., Rahman,M.Z.	2022-03-24	2024-07-12	ssRNA(-)
PP981676	Henipavirus nipahense	Henipavirus nipahense		NiV/human/BGD/RS0644723/2023	18092	complete	Bangladesh: Rajshahi	Bangladesh	Homo sapiens	oronasopharynx	Rahman,M.M., Miah,M., Rahman,S., Rahman,D.I., Rahman,M.W., Hossain,M.E., Satter,S.M., Klena,J.D., Shirin,T., Montgomery,J.M., Rahman,M.Z.	2023-01-03	2024-07-12	ssRNA(-)
PP981677	Henipavirus nipahense	Henipavirus nipahense		NiV/human/BGD/NINS00123/2023	18091	complete	Bangladesh: Naogaon	Bangladesh	Homo sapiens	oronasopharynx	Rahman,M.M., Miah,M., Rahman,S., Rahman,D.I., Rahman,M.W., Hossain,M.E., Satter,S.M., Klena,J.D., Shirin,T., Montgomery,J.M., Rahman,M.Z.	2023-01-15	2024-07-12	ssRNA(-)
PP981678	Henipavirus nipahense	Henipavirus nipahense		NiV/human/BGD/FP0298523/2023	18091	complete	Bangladesh: Rajbari	Bangladesh	Homo sapiens	oronasopharynx	Rahman,M.M., Miah,M., Rahman,S., Rahman,D.I., Rahman,M.W., Hossain,M.E., Satter,S.M., Klena,J.D., Shirin,T., Montgomery,J.M., Rahman,M.Z.	2023-01-19	2024-07-12	ssRNA(-)
PP981679	Henipavirus nipahense	Henipavirus nipahense		NiV/human/BGD/FP0298923/2023	18107	complete	Bangladesh: Rajbari	Bangladesh	Homo sapiens	oronasopharynx	Rahman,M.M., Miah,M., Rahman,S., Rahman,D.I., Rahman,M.W., Hossain,M.E., Satter,S.M., Klena,J.D., Shirin,T., Montgomery,J.M., Rahman,M.Z.	2023-01-19	2024-07-12	ssRNA(-)
PP981681	Henipavirus nipahense	Henipavirus nipahense		NiV/human/BGD/FP0300923/2023	18090	complete	Bangladesh: Rajbari	Bangladesh	Homo sapiens	oronasopharynx	Rahman,M.M., Miah,M., Rahman,S., Rahman,D.I., Rahman,M.W., Hossain,M.E., Satter,S.M., Klena,J.D., Shirin,T., Montgomery,J.M., Rahman,M.Z.	2023-01-28	2024-07-12	ssRNA(-)
OR820506	Henipavirus nipahense	Henipavirus nipahense		MCL-23-H-3874_RNA_11865	18221	complete	India: Kerala, Kozhikode	India	Homo sapiens	oronasopharynx	Yadav,P.D.	2023-08-29	2024-05-25	ssRNA(-)
OR820508	Henipavirus nipahense	Henipavirus nipahense		MCL-23-H-3762_RNA_11863	18190	complete	India: Kerala, Kozhikode	India	Homo sapiens	oronasopharynx	Yadav,P.D.	2023-09-11	2024-05-25	ssRNA(-)
MW535746	Henipavirus nipahense	Henipavirus nipahense		NiV/TH/P.lylei/2017/B17640.GUL	18236	complete	Thailand	Thailand	Pteropus lylei	urine	Wacharapluesadee,S., Ghai,S., Duengkae,P., Manee-Orn,P., Thanapongtharm,W., Saraya,A.W., Yingsakmongkon,S., Joyjinda,Y., Suradhat,S., Ampoot,W., Nuansrichay,B., Kaewpom,T., Tantilertcharoen,R., Rodpan,A., Wongsathapornchai,K., Ponpinit,T., Buathong,R., Bunprakob,S., Damrongwatanapokin,S., Ruchiseesarod,C., Petcharat,S., Kalpravidh,W., Olival,K.J., Stokes,M.M., Hemachudha,T., Maneeorn,P., Kulprawit,W.	2017-05-21	2021-11-13	ssRNA(-)
MK673558	Henipavirus nipahense	Henipavirus nipahense		808579	18234	complete	Malaysia	Malaysia	Sus scrofa domesticus		Whitmer,S.L.M., Lo,M.K., Sazzad,H.M.S., Zufan,S., Gurley,E.S., Sultana,S., Amman,B., Ladner,J.T., Rahman,M.Z., Doan,S., Satter,S.M., Flora,M.S., Montgomery,J.M., Nichol,S.T., Spiropoulou,C.F., Klena,J.D., Zufan,S.E.	1999-03-25	2021-04-19	ssRNA(-)
MK673559	Henipavirus nipahense	Henipavirus nipahense		808581	18231	complete	Malaysia	Malaysia	Sus scrofa domesticus		Whitmer,S.L.M., Lo,M.K., Sazzad,H.M.S., Zufan,S., Gurley,E.S., Sultana,S., Amman,B., Ladner,J.T., Rahman,M.Z., Doan,S., Satter,S.M., Flora,M.S., Montgomery,J.M., Nichol,S.T., Spiropoulou,C.F., Klena,J.D., Zufan,S.E.	1999-03-25	2021-04-19	ssRNA(-)
MK673560	Henipavirus nipahense	Henipavirus nipahense		808585	18231	complete	Malaysia	Malaysia	Sus scrofa domesticus		Whitmer,S.L.M., Lo,M.K., Sazzad,H.M.S., Zufan,S., Gurley,E.S., Sultana,S., Amman,B., Ladner,J.T., Rahman,M.Z., Doan,S., Satter,S.M., Flora,M.S., Montgomery,J.M., Nichol,S.T., Spiropoulou,C.F., Klena,J.D., Zufan,S.E.	1999-03-26	2021-04-19	ssRNA(-)
MK673561	Henipavirus nipahense	Henipavirus nipahense		808589	18231	complete	Malaysia	Malaysia	Sus scrofa domesticus		Whitmer,S.L.M., Lo,M.K., Sazzad,H.M.S., Zufan,S., Gurley,E.S., Sultana,S., Amman,B., Ladner,J.T., Rahman,M.Z., Doan,S., Satter,S.M., Flora,M.S., Montgomery,J.M., Nichol,S.T., Spiropoulou,C.F., Klena,J.D., Zufan,S.E.	1999	2021-04-19	ssRNA(-)
MK673562	Henipavirus nipahense	Henipavirus nipahense		808651	18231	complete	Malaysia	Malaysia	Homo sapiens		Whitmer,S.L.M., Lo,M.K., Sazzad,H.M.S., Zufan,S., Gurley,E.S., Sultana,S., Amman,B., Ladner,J.T., Rahman,M.Z., Doan,S., Satter,S.M., Flora,M.S., Montgomery,J.M., Nichol,S.T., Spiropoulou,C.F., Klena,J.D., Zufan,S.E.	1999	2021-04-19	ssRNA(-)
MK673563	Henipavirus nipahense	Henipavirus nipahense		808652	18231	complete	Malaysia	Malaysia	Canis lupus familiaris		Whitmer,S.L.M., Lo,M.K., Sazzad,H.M.S., Zufan,S., Gurley,E.S., Sultana,S., Amman,B., Ladner,J.T., Rahman,M.Z., Doan,S., Satter,S.M., Flora,M.S., Montgomery,J.M., Nichol,S.T., Spiropoulou,C.F., Klena,J.D., Zufan,S.E.	1999-04-03	2021-04-19	ssRNA(-)
MK673564	Henipavirus nipahense	Henipavirus nipahense		810398	18240	complete	Bangladesh	Bangladesh	Homo sapiens	oronasopharynx	Whitmer,S.L.M., Lo,M.K., Sazzad,H.M.S., Zufan,S., Gurley,E.S., Sultana,S., Amman,B., Ladner,J.T., Rahman,M.Z., Doan,S., Satter,S.M., Flora,M.S., Montgomery,J.M., Nichol,S.T., Spiropoulou,C.F., Klena,J.D., Zufan,S.E.	2004-01-22	2021-04-19	ssRNA(-)
MK673565	Henipavirus nipahense	Henipavirus nipahense		810405	18235	complete	Bangladesh	Bangladesh	Homo sapiens	cerebrospinal fluid	Whitmer,S.L.M., Lo,M.K., Sazzad,H.M.S., Zufan,S., Gurley,E.S., Sultana,S., Amman,B., Ladner,J.T., Rahman,M.Z., Doan,S., Satter,S.M., Flora,M.S., Montgomery,J.M., Nichol,S.T., Spiropoulou,C.F., Klena,J.D., Zufan,S.E.	2004-02-09	2021-04-19	ssRNA(-)
MK673566	Henipavirus nipahense	Henipavirus nipahense		810428	18240	complete	Bangladesh	Bangladesh	Homo sapiens	urine	Whitmer,S.L.M., Lo,M.K., Sazzad,H.M.S., Zufan,S., Gurley,E.S., Sultana,S., Amman,B., Ladner,J.T., Rahman,M.Z., Doan,S., Satter,S.M., Flora,M.S., Montgomery,J.M., Nichol,S.T., Spiropoulou,C.F., Klena,J.D., Zufan,S.E.	2004-03-29	2021-04-19	ssRNA(-)
MK673567	Henipavirus nipahense	Henipavirus nipahense		810482	18245	complete	Bangladesh	Bangladesh	Homo sapiens	oronasopharynx	Whitmer,S.L.M., Lo,M.K., Sazzad,H.M.S., Zufan,S., Gurley,E.S., Sultana,S., Amman,B., Ladner,J.T., Rahman,M.Z., Doan,S., Satter,S.M., Flora,M.S., Montgomery,J.M., Nichol,S.T., Spiropoulou,C.F., Klena,J.D., Zufan,S.E.	2004-04-19	2021-04-19	ssRNA(-)
MK673568	Henipavirus nipahense	Henipavirus nipahense		811373	18237	complete	Bangladesh	Bangladesh	Homo sapiens	oronasopharynx	Whitmer,S.L.M., Lo,M.K., Sazzad,H.M.S., Zufan,S., Gurley,E.S., Sultana,S., Amman,B., Ladner,J.T., Rahman,M.Z., Doan,S., Satter,S.M., Flora,M.S., Montgomery,J.M., Nichol,S.T., Spiropoulou,C.F., Klena,J.D., Zufan,S.E.	2008-02-28	2021-04-19	ssRNA(-)
MK673570	Henipavirus nipahense	Henipavirus nipahense		812001	18231	complete	Bangladesh	Bangladesh	Homo sapiens	oronasopharynx	Whitmer,S.L.M., Lo,M.K., Sazzad,H.M.S., Zufan,S., Gurley,E.S., Sultana,S., Amman,B., Ladner,J.T., Rahman,M.Z., Doan,S., Satter,S.M., Flora,M.S., Montgomery,J.M., Nichol,S.T., Spiropoulou,C.F., Klena,J.D., Zufan,S.E.	2011-02-11	2021-04-19	ssRNA(-)
MK673571	Henipavirus nipahense	Henipavirus nipahense		201200903	18240	complete	Bangladesh	Bangladesh	Homo sapiens	oronasopharynx	Whitmer,S.L.M., Lo,M.K., Sazzad,H.M.S., Zufan,S., Gurley,E.S., Sultana,S., Amman,B., Ladner,J.T., Rahman,M.Z., Doan,S., Satter,S.M., Flora,M.S., Montgomery,J.M., Nichol,S.T., Spiropoulou,C.F., Klena,J.D., Zufan,S.E.	2011-02-01	2021-04-19	ssRNA(-)
MK673573	Henipavirus nipahense	Henipavirus nipahense		201200919	18236	complete	Bangladesh	Bangladesh	Homo sapiens	oronasopharynx	Whitmer,S.L.M., Lo,M.K., Sazzad,H.M.S., Zufan,S., Gurley,E.S., Sultana,S., Amman,B., Ladner,J.T., Rahman,M.Z., Doan,S., Satter,S.M., Flora,M.S., Montgomery,J.M., Nichol,S.T., Spiropoulou,C.F., Klena,J.D., Zufan,S.E.	2011-02-02	2021-04-19	ssRNA(-)
MK673574	Henipavirus nipahense	Henipavirus nipahense		201200920	18205	complete	Bangladesh	Bangladesh	Homo sapiens	oronasopharynx	Whitmer,S.L.M., Lo,M.K., Sazzad,H.M.S., Zufan,S., Gurley,E.S., Sultana,S., Amman,B., Ladner,J.T., Rahman,M.Z., Doan,S., Satter,S.M., Flora,M.S., Montgomery,J.M., Nichol,S.T., Spiropoulou,C.F., Klena,J.D., Zufan,S.E.	2011-02-03	2021-04-19	ssRNA(-)
MK673575	Henipavirus nipahense	Henipavirus nipahense		201200938	18238	complete	Bangladesh	Bangladesh	Homo sapiens	oronasopharynx	Whitmer,S.L.M., Lo,M.K., Sazzad,H.M.S., Zufan,S., Gurley,E.S., Sultana,S., Amman,B., Ladner,J.T., Rahman,M.Z., Doan,S., Satter,S.M., Flora,M.S., Montgomery,J.M., Nichol,S.T., Spiropoulou,C.F., Klena,J.D., Zufan,S.E.	2011-02-10	2021-04-19	ssRNA(-)
MK673576	Henipavirus nipahense	Henipavirus nipahense		201200973	18237	complete	Bangladesh	Bangladesh	Homo sapiens	oronasopharynx	Whitmer,S.L.M., Lo,M.K., Sazzad,H.M.S., Zufan,S., Gurley,E.S., Sultana,S., Amman,B., Ladner,J.T., Rahman,M.Z., Doan,S., Satter,S.M., Flora,M.S., Montgomery,J.M., Nichol,S.T., Spiropoulou,C.F., Klena,J.D., Zufan,S.E.	2011-01-01	2021-04-19	ssRNA(-)
MK673577	Henipavirus nipahense	Henipavirus nipahense		201206008	18219	complete	Bangladesh	Bangladesh	Homo sapiens	blood	Whitmer,S.L.M., Lo,M.K., Sazzad,H.M.S., Zufan,S., Gurley,E.S., Sultana,S., Amman,B., Ladner,J.T., Rahman,M.Z., Doan,S., Satter,S.M., Flora,M.S., Montgomery,J.M., Nichol,S.T., Spiropoulou,C.F., Klena,J.D., Zufan,S.E.	2011-02-02	2021-04-19	ssRNA(-)
MK673578	Henipavirus nipahense	Henipavirus nipahense		201206119	18235	complete	Bangladesh	Bangladesh	Homo sapiens	blood	Whitmer,S.L.M., Lo,M.K., Sazzad,H.M.S., Zufan,S., Gurley,E.S., Sultana,S., Amman,B., Ladner,J.T., Rahman,M.Z., Doan,S., Satter,S.M., Flora,M.S., Montgomery,J.M., Nichol,S.T., Spiropoulou,C.F., Klena,J.D., Zufan,S.E.	2011-03-08	2021-04-19	ssRNA(-)
MK673579	Henipavirus nipahense	Henipavirus nipahense		201206312	18223	complete	Bangladesh	Bangladesh	Homo sapiens	oronasopharynx	Whitmer,S.L.M., Lo,M.K., Sazzad,H.M.S., Zufan,S., Gurley,E.S., Sultana,S., Amman,B., Ladner,J.T., Rahman,M.Z., Doan,S., Satter,S.M., Flora,M.S., Montgomery,J.M., Nichol,S.T., Spiropoulou,C.F., Klena,J.D., Zufan,S.E.	2012-01-20	2021-04-19	ssRNA(-)
MK673580	Henipavirus nipahense	Henipavirus nipahense		201206313	18234	complete	Bangladesh	Bangladesh	Homo sapiens	oronasopharynx	Whitmer,S.L.M., Lo,M.K., Sazzad,H.M.S., Zufan,S., Gurley,E.S., Sultana,S., Amman,B., Ladner,J.T., Rahman,M.Z., Doan,S., Satter,S.M., Flora,M.S., Montgomery,J.M., Nichol,S.T., Spiropoulou,C.F., Klena,J.D., Zufan,S.E.	2012-01-20	2021-04-19	ssRNA(-)
MK673581	Henipavirus nipahense	Henipavirus nipahense		201206316	18235	complete	Bangladesh	Bangladesh	Homo sapiens	oronasopharynx	Whitmer,S.L.M., Lo,M.K., Sazzad,H.M.S., Zufan,S., Gurley,E.S., Sultana,S., Amman,B., Ladner,J.T., Rahman,M.Z., Doan,S., Satter,S.M., Flora,M.S., Montgomery,J.M., Nichol,S.T., Spiropoulou,C.F., Klena,J.D., Zufan,S.E.	2012-01-21	2021-04-19	ssRNA(-)
MK673582	Henipavirus nipahense	Henipavirus nipahense		201206325	18237	complete	Bangladesh	Bangladesh	Homo sapiens	oronasopharynx	Whitmer,S.L.M., Lo,M.K., Sazzad,H.M.S., Zufan,S., Gurley,E.S., Sultana,S., Amman,B., Ladner,J.T., Rahman,M.Z., Doan,S., Satter,S.M., Flora,M.S., Montgomery,J.M., Nichol,S.T., Spiropoulou,C.F., Klena,J.D., Zufan,S.E.	2012-04-05	2021-04-19	ssRNA(-)
MK673583	Henipavirus nipahense	Henipavirus nipahense		201302591	18197	complete	Bangladesh	Bangladesh	Homo sapiens	oronasopharynx	Whitmer,S.L.M., Lo,M.K., Sazzad,H.M.S., Zufan,S., Gurley,E.S., Sultana,S., Amman,B., Ladner,J.T., Rahman,M.Z., Doan,S., Satter,S.M., Flora,M.S., Montgomery,J.M., Nichol,S.T., Spiropoulou,C.F., Klena,J.D., Zufan,S.E.	2013-01-22	2021-04-19	ssRNA(-)
MK673584	Henipavirus nipahense	Henipavirus nipahense		201601126	18229	complete	Bangladesh	Bangladesh	Homo sapiens	oronasopharynx	Whitmer,S.L.M., Lo,M.K., Sazzad,H.M.S., Zufan,S., Gurley,E.S., Sultana,S., Amman,B., Ladner,J.T., Rahman,M.Z., Doan,S., Satter,S.M., Flora,M.S., Montgomery,J.M., Nichol,S.T., Spiropoulou,C.F., Klena,J.D., Zufan,S.E.	2015-01-05	2021-04-19	ssRNA(-)
MK673585	Henipavirus nipahense	Henipavirus nipahense		201601136	18245	complete	Bangladesh	Bangladesh	Homo sapiens	oronasopharynx	Whitmer,S.L.M., Lo,M.K., Sazzad,H.M.S., Zufan,S., Gurley,E.S., Sultana,S., Amman,B., Ladner,J.T., Rahman,M.Z., Doan,S., Satter,S.M., Flora,M.S., Montgomery,J.M., Nichol,S.T., Spiropoulou,C.F., Klena,J.D., Zufan,S.E.	2015-03-18	2021-04-19	ssRNA(-)
MK673586	Henipavirus nipahense	Henipavirus nipahense		201601138	18165	complete	Bangladesh	Bangladesh	Homo sapiens	oronasopharynx	Whitmer,S.L.M., Lo,M.K., Sazzad,H.M.S., Zufan,S., Gurley,E.S., Sultana,S., Amman,B., Ladner,J.T., Rahman,M.Z., Doan,S., Satter,S.M., Flora,M.S., Montgomery,J.M., Nichol,S.T., Spiropoulou,C.F., Klena,J.D., Zufan,S.E.	2015-03-21	2021-04-19	ssRNA(-)
MK673587	Henipavirus nipahense	Henipavirus nipahense		201601144	18170	complete	Bangladesh	Bangladesh	Homo sapiens	oronasopharynx	Whitmer,S.L.M., Lo,M.K., Sazzad,H.M.S., Zufan,S., Gurley,E.S., Sultana,S., Amman,B., Ladner,J.T., Rahman,M.Z., Doan,S., Satter,S.M., Flora,M.S., Montgomery,J.M., Nichol,S.T., Spiropoulou,C.F., Klena,J.D., Zufan,S.E.	2015-01-19	2021-04-19	ssRNA(-)
MK673589	Henipavirus nipahense	Henipavirus nipahense		201601187	18215	complete	Bangladesh	Bangladesh	Homo sapiens	oronasopharynx	Whitmer,S.L.M., Lo,M.K., Sazzad,H.M.S., Zufan,S., Gurley,E.S., Sultana,S., Amman,B., Ladner,J.T., Rahman,M.Z., Doan,S., Satter,S.M., Flora,M.S., Montgomery,J.M., Nichol,S.T., Spiropoulou,C.F., Klena,J.D., Zufan,S.E.	2014-02-06	2021-04-19	ssRNA(-)
MK673590	Henipavirus nipahense	Henipavirus nipahense		201601191	18208	complete	Bangladesh	Bangladesh	Homo sapiens	oronasopharynx	Whitmer,S.L.M., Lo,M.K., Sazzad,H.M.S., Zufan,S., Gurley,E.S., Sultana,S., Amman,B., Ladner,J.T., Rahman,M.Z., Doan,S., Satter,S.M., Flora,M.S., Montgomery,J.M., Nichol,S.T., Spiropoulou,C.F., Klena,J.D., Zufan,S.E.	2014-02-07	2021-04-19	ssRNA(-)
MK673591	Henipavirus nipahense	Henipavirus nipahense		201601231	18157	complete	Bangladesh	Bangladesh	Homo sapiens	oronasopharynx	Whitmer,S.L.M., Lo,M.K., Sazzad,H.M.S., Zufan,S., Gurley,E.S., Sultana,S., Amman,B., Ladner,J.T., Rahman,M.Z., Doan,S., Satter,S.M., Flora,M.S., Montgomery,J.M., Nichol,S.T., Spiropoulou,C.F., Klena,J.D., Zufan,S.E.	2014-02-04	2021-04-19	ssRNA(-)
MK673592	Henipavirus nipahense	Henipavirus nipahense		201601241	18234	complete	Bangladesh	Bangladesh	Homo sapiens	oronasopharynx	Whitmer,S.L.M., Lo,M.K., Sazzad,H.M.S., Zufan,S., Gurley,E.S., Sultana,S., Amman,B., Ladner,J.T., Rahman,M.Z., Doan,S., Satter,S.M., Flora,M.S., Montgomery,J.M., Nichol,S.T., Spiropoulou,C.F., Klena,J.D., Zufan,S.E.	2014-01-20	2021-04-19	ssRNA(-)
MN549409	Henipavirus nipahense	Henipavirus nipahense		MCL-19-BAT-572-7	18172	complete	India: Thodupuza village, Idukki district, Kerala State	India	Pteropus medius		Yadav,P.	2019-06-10	2020-11-01	ssRNA(-)
MK801755	Henipavirus nipahense	Henipavirus nipahense		CSUR381	18246	complete	Cambodia	Cambodia	Pteropus lylei		Gaudino,M., Aurine,N., Dumont,C., Fouret,J., Ferren,M., Mathieu,C., Reynard,O., Volchkov,V.E., Legras-Lachuer,C., Georges-Courbot,M.C., Horvat,B., Legras-Laucher,C., Reynes,J.-M.	2003	2019-07-10	ssRNA(-)
MK575060	Henipavirus nipahense	Henipavirus nipahense		PGB-1401B	18234	complete	Bangladesh: Raypur, Maniganj	Bangladesh	Pteropus medius	urine	Anderson,D.E., Islam,A., Crameri,G., Todd,S., Khan,S.U., Foord,A., Rahman,M.Z., Mendenhall,I.H., Luby,S.P., Gurley,E.S., Daszak,P., Epstein,J.H., Wang,L.F., Wang,L.-F.	2013-04-11	2019-06-12	ssRNA(-)
MK575061	Henipavirus nipahense	Henipavirus nipahense		PGB-1402B	18234	complete	Bangladesh: Raypur, Maniganj	Bangladesh	Pteropus medius	urine	Anderson,D.E., Islam,A., Crameri,G., Todd,S., Khan,S.U., Foord,A., Rahman,M.Z., Mendenhall,I.H., Luby,S.P., Gurley,E.S., Daszak,P., Epstein,J.H., Wang,L.F., Wang,L.-F.	2013-04-11	2019-06-12	ssRNA(-)
MK575062	Henipavirus nipahense	Henipavirus nipahense		PGB-1403B	18234	complete	Bangladesh: Raypur, Maniganj	Bangladesh	Pteropus medius	urine	Anderson,D.E., Islam,A., Crameri,G., Todd,S., Khan,S.U., Foord,A., Rahman,M.Z., Mendenhall,I.H., Luby,S.P., Gurley,E.S., Daszak,P., Epstein,J.H., Wang,L.F., Wang,L.-F.	2013-04-11	2019-06-12	ssRNA(-)
MK575063	Henipavirus nipahense	Henipavirus nipahense		PGB-1404B	18227	complete	Bangladesh: Raypur, Maniganj	Bangladesh	Pteropus medius	urine	Anderson,D.E., Islam,A., Crameri,G., Todd,S., Khan,S.U., Foord,A., Rahman,M.Z., Mendenhall,I.H., Luby,S.P., Gurley,E.S., Daszak,P., Epstein,J.H., Wang,L.F., Wang,L.-F.	2013-04-11	2019-06-12	ssRNA(-)
MK575064	Henipavirus nipahense	Henipavirus nipahense		PGB-1405B	18234	complete	Bangladesh: Raypur, Maniganj	Bangladesh	Pteropus medius	urine	Anderson,D.E., Islam,A., Crameri,G., Todd,S., Khan,S.U., Foord,A., Rahman,M.Z., Mendenhall,I.H., Luby,S.P., Gurley,E.S., Daszak,P., Epstein,J.H., Wang,L.F., Wang,L.-F.	2013-04-11	2019-06-12	ssRNA(-)
MK575065	Henipavirus nipahense	Henipavirus nipahense		PGB-1406B	18234	complete	Bangladesh: Raypur, Maniganj	Bangladesh	Pteropus medius	urine	Anderson,D.E., Islam,A., Crameri,G., Todd,S., Khan,S.U., Foord,A., Rahman,M.Z., Mendenhall,I.H., Luby,S.P., Gurley,E.S., Daszak,P., Epstein,J.H., Wang,L.F., Wang,L.-F.	2013-04-11	2019-06-12	ssRNA(-)
MK575066	Henipavirus nipahense	Henipavirus nipahense		PGB-1408B	18234	complete	Bangladesh: Raypur, Maniganj	Bangladesh	Pteropus medius	urine	Anderson,D.E., Islam,A., Crameri,G., Todd,S., Khan,S.U., Foord,A., Rahman,M.Z., Mendenhall,I.H., Luby,S.P., Gurley,E.S., Daszak,P., Epstein,J.H., Wang,L.F., Wang,L.-F.	2013-04-11	2019-06-12	ssRNA(-)
MK575067	Henipavirus nipahense	Henipavirus nipahense		PGB-1409B	18234	complete	Bangladesh: Raypur, Maniganj	Bangladesh	Pteropus medius	urine	Anderson,D.E., Islam,A., Crameri,G., Todd,S., Khan,S.U., Foord,A., Rahman,M.Z., Mendenhall,I.H., Luby,S.P., Gurley,E.S., Daszak,P., Epstein,J.H., Wang,L.F., Wang,L.-F.	2013-04-11	2019-06-12	ssRNA(-)
MK575068	Henipavirus nipahense	Henipavirus nipahense		PGB-1410B	18234	complete	Bangladesh: Raypur, Maniganj	Bangladesh	Pteropus medius	urine	Anderson,D.E., Islam,A., Crameri,G., Todd,S., Khan,S.U., Foord,A., Rahman,M.Z., Mendenhall,I.H., Luby,S.P., Gurley,E.S., Daszak,P., Epstein,J.H., Wang,L.F., Wang,L.-F.	2013-04-11	2019-06-12	ssRNA(-)
MK575069	Henipavirus nipahense	Henipavirus nipahense		PGB-1411B	18234	complete	Bangladesh: Raypur, Maniganj	Bangladesh	Pteropus medius	urine	Anderson,D.E., Islam,A., Crameri,G., Todd,S., Khan,S.U., Foord,A., Rahman,M.Z., Mendenhall,I.H., Luby,S.P., Gurley,E.S., Daszak,P., Epstein,J.H., Wang,L.F., Wang,L.-F.	2013-04-11	2019-06-12	ssRNA(-)
MK575070	Henipavirus nipahense	Henipavirus nipahense		PGB-191	18234	complete	Bangladesh: Sylhet	Bangladesh	Pteropus medius	urine	Anderson,D.E., Islam,A., Crameri,G., Todd,S., Khan,S.U., Foord,A., Rahman,M.Z., Mendenhall,I.H., Luby,S.P., Gurley,E.S., Daszak,P., Epstein,J.H., Wang,L.F., Wang,L.-F.	2013-01-06	2019-06-12	ssRNA(-)
MH523640	Henipavirus nipahense	Henipavirus nipahense			18132	complete	India: Kozhikode District, Kerala State	India	Homo sapiens	lung	Yadav,P.D.	2018-05-17	2019-04-01	ssRNA(-)
MH523641	Henipavirus nipahense	Henipavirus nipahense			18027	complete	India: Kozhikode District, Kerala State	India	Homo sapiens	oronasopharynx	Yadav,P.D.	2018-05-21	2019-04-01	ssRNA(-)
MH523642	Henipavirus nipahense	Henipavirus nipahense		Nipah virus	18242	complete	India: Kozhikode District, Kerala State	India	Homo sapiens	oronasopharynx	Yadav,P.D.	2018-05-17	2019-04-01	ssRNA(-)
MH396625	Henipavirus nipahense	Henipavirus nipahense			18210	complete	India: Kozhikode District, Kerala State	India	Homo sapiens	oronasopharynx	Yadav,P.D.	2018-05-17	2018-11-01	ssRNA(-)
JN808857	Henipavirus nipahense	Henipavirus nipahense	B	NIVBGD2008MANIKGONJ	18252	complete	Bangladesh: Manikgonj	Bangladesh	Homo sapiens	oronasopharynx	Lo,M.K., Lowe,L., Hummel,K.B., Sazzad,H.M., Gurley,E.S., Hossain,M.J., Luby,S.P., Miller,D.M., Comer,J.A., Rollin,P.E., Bellini,W.J., Rota,P.A., Sazzad,H.M.S.	2008	2012-02-04	ssRNA(-)
JN808863	Henipavirus nipahense	Henipavirus nipahense	B	NIVBGD2008RAJBARI	18252	complete	Bangladesh: Rajbari	Bangladesh	Homo sapiens	oronasopharynx	Lo,M.K., Lowe,L., Hummel,K.B., Sazzad,H.M., Gurley,E.S., Hossain,M.J., Luby,S.P., Miller,D.M., Comer,J.A., Rollin,P.E., Bellini,W.J., Rota,P.A., Sazzad,H.M.S.	2008	2012-02-04	ssRNA(-)
FJ513078	Henipavirus nipahense	Henipavirus nipahense		Ind-Nipah-07-FG	18252	complete	India	India	Homo sapiens	lung	Arankalle,V.A., Bandyopadhyay,B.T., Ramdasi,A.Y., Jadi,R., Patil,D.R., Rahman,M., Majumdar,M., Banerjee,P.S., Hati,A.K., Goswami,R.P., Neogi,D.K., Mishra,A.C.	2007	2009-12-31	ssRNA(-)
AY988601	Henipavirus nipahense	Henipavirus nipahense			18252	complete	Bangladesh	Bangladesh	Homo sapiens		Harcourt,B.H., Lowe,L., Tamin,A., Liu,X., Bankamp,B., Bowden,N., Rollin,P.E., Comer,J.A., Ksiazek,T.G., Hossain,M.J., Gurley,E.S., Breiman,R.F., Bellini,W.J., Rota,P.A., Hossain,J.	2004	2005-06-01	ssRNA(-)
